user_id,is_gone
4,0.0
10,0.0
12,0.0
13,0.96
15,0.0
19,0.0
21,0.96
23,0.0
35,0.0
40,0.0
45,0.0
58,0.0
74,0.0
81,0.0
92,0.0
93,0.0
98,0.0
102,0.96
105,0.0
107,0.0
112,0.0
119,0.0
140,0.0
141,0.0
159,0.0
162,0.0
164,0.0
165,0.0
167,0.0
174,0.0
177,0.0
180,0.0
185,0.0
186,0.96
195,0.0
200,0.0
204,0.0
205,0.0
207,0.96
208,0.96
212,0.0
213,0.0
217,0.0
218,0.0
234,0.0
235,0.0
236,0.0
237,0.0
242,0.0
248,0.02
260,0.0
261,0.0
269,0.0
271,0.0
273,0.0
276,0.0
289,0.0
298,0.0
303,0.0
308,0.0
317,0.0
318,0.0
319,0.0
320,0.0
324,0.0
328,0.0
331,0.0
335,0.0
341,0.0
346,0.0
348,0.0
349,0.0
351,0.0
355,0.0
363,0.0
366,0.0
375,0.0
388,0.0
389,0.0
391,0.96
400,0.0
406,0.0
409,0.96
411,0.0
414,0.0
417,0.0
421,0.0
423,0.0
424,0.0
425,0.0
430,0.0
448,0.0
460,0.0
462,0.0
465,0.0
467,0.41
474,0.41
476,0.0
483,0.0
485,0.0
486,0.0
487,0.0
498,0.96
503,0.0
504,0.0
511,0.0
516,0.0
522,0.0
534,0.0
543,0.0
554,0.0
561,0.0
565,0.0
567,0.0
570,0.0
574,0.0
575,0.0
578,0.0
579,0.0
586,0.0
593,0.0
599,0.0
601,0.96
602,0.0
611,0.0
613,0.0
615,0.0
642,0.0
650,0.0
659,0.0
664,0.96
672,0.0
680,0.0
683,0.0
696,0.0
700,0.0
704,0.0
723,0.0
726,0.0
731,0.0
733,0.0
736,0.0
739,0.0
741,0.0
744,0.0
745,0.0
747,0.0
754,0.0
757,0.0
760,0.0
765,0.96
770,0.0
779,0.0
800,0.0
801,0.0
804,0.0
805,0.0
810,0.0
820,0.0
837,0.0
845,0.0
850,0.0
864,0.0
874,0.0
880,0.0
886,0.0
897,0.0
898,0.0
901,0.96
904,0.96
907,0.0
920,0.0
926,0.0
933,0.0
936,0.0
937,0.0
952,0.0
960,0.96
970,0.41
972,0.0
999,0.0
1003,0.0
1010,0.0
1023,0.0
1041,0.0
1044,0.0
1049,0.96
1054,0.0
1055,0.0
1059,0.0
1068,0.0
1071,0.0
1083,0.0
1087,0.0
1092,0.0
1099,0.0
1100,0.0
1102,0.0
1115,0.0
1131,0.0
1134,0.0
1135,0.0
1137,0.0
1138,0.0
1149,0.0
1152,0.0
1154,0.0
1156,0.0
1157,0.0
1164,0.41
1171,0.0
1182,0.0
1187,0.96
1192,0.0
1195,0.0
1197,0.0
1202,0.0
1211,0.0
1212,0.0
1214,0.0
1219,0.0
1238,0.0
1242,0.0
1245,0.0
1246,0.0
1253,0.0
1269,0.0
1273,0.0
1274,0.41
1276,0.0
1280,0.0
1285,0.0
1288,0.0
1302,0.0
1309,0.0
1313,0.0
1314,0.0
1322,0.0
1325,0.0
1332,0.0
1339,0.0
1340,0.0
1341,0.0
1347,0.0
1349,0.0
1356,0.0
1357,0.0
1359,0.96
1365,0.0
1367,0.0
1369,0.0
1374,0.0
1375,0.0
1379,0.0
1384,0.0
1385,0.0
1387,0.0
1399,0.0
1403,0.0
1407,0.0
1414,0.0
1426,0.96
1432,0.0
1436,0.0
1437,0.0
1438,0.0
1441,0.96
1442,0.0
1455,0.0
1457,0.0
1458,0.0
1459,0.96
1460,0.0
1464,0.0
1465,0.0
1469,0.0
1472,0.0
1485,0.0
1488,0.0
1489,0.0
1510,0.0
1520,0.0
1522,0.0
1523,0.0
1525,0.0
1540,0.0
1541,0.0
1543,0.0
1550,0.0
1551,0.0
1554,0.0
1556,0.0
1563,0.0
1564,0.0
1566,0.0
1571,0.96
1580,0.0
1584,0.0
1597,0.0
1619,0.0
1620,0.0
1623,0.0
1630,0.0
1636,0.0
1640,0.0
1641,0.0
1658,0.0
1667,0.0
1674,0.0
1690,0.0
1693,0.02
1704,0.0
1706,0.0
1713,0.0
1717,0.0
1720,0.0
1725,0.0
1728,0.0
1745,0.0
1747,0.0
1748,0.0
1751,0.0
1754,0.0
1763,0.0
1764,0.0
1767,0.96
1775,0.0
1782,0.02
1783,0.0
1785,0.0
1786,0.0
1797,0.0
1800,0.41
1803,0.0
1821,0.0
1822,0.0
1830,0.0
1831,0.41
1835,0.0
1837,0.0
1840,0.0
1849,0.0
1858,0.0
1872,0.0
1882,0.0
1883,0.0
1887,0.0
1891,0.0
1893,0.96
1918,0.0
1923,0.0
1939,0.0
1953,0.0
1956,0.0
1958,0.0
1960,0.0
1961,0.0
1962,0.0
1968,0.0
1985,0.0
1993,0.0
1998,0.0
2012,0.0
2016,0.0
2018,0.0
2019,0.0
2033,0.0
2034,0.0
2041,0.0
2042,0.0
2044,0.0
2052,0.0
2060,0.0
2061,0.0
2062,0.0
2063,0.0
2064,0.0
2069,0.0
2070,0.0
2073,0.0
2077,0.0
2089,0.0
2091,0.0
2095,0.0
2097,0.0
2100,0.0
2101,0.0
2109,0.0
2111,0.0
2114,0.0
2117,0.41
2120,0.0
2126,0.0
2146,0.0
2149,0.0
2160,0.0
2172,0.0
2174,0.0
2180,0.96
2187,0.0
2196,0.0
2199,0.0
2201,0.0
2202,0.0
2203,0.0
2208,0.0
2220,0.96
2224,0.0
2231,0.0
2235,0.0
2244,0.0
2256,0.0
2270,0.0
2299,0.0
2305,0.96
2306,0.0
2309,0.0
2313,0.0
2316,0.0
2317,0.0
2326,0.0
2338,0.0
2343,0.0
2346,0.0
2347,0.0
2362,0.0
2364,0.0
2365,0.0
2372,0.0
2376,0.0
2379,0.0
2380,0.0
2382,0.0
2384,0.96
2389,0.0
2397,0.0
2398,0.0
2401,0.0
2411,0.0
2423,0.0
2426,0.96
2430,0.0
2434,0.02
2439,0.0
2441,0.0
2448,0.0
2465,0.0
2466,0.0
2483,0.0
2492,0.0
2493,0.0
2494,0.0
2501,0.0
2504,0.0
2506,0.0
2517,0.0
2518,0.0
2521,0.0
2524,0.0
2527,0.0
2531,0.0
2535,0.96
2540,0.0
2544,0.0
2545,0.0
2551,0.0
2552,0.0
2558,0.0
2562,0.0
2563,0.0
2568,0.0
2572,0.0
2590,0.0
2593,0.0
2596,0.0
2603,0.0
2623,0.0
2628,0.0
2629,0.0
2633,0.0
2653,0.0
2667,0.0
2668,0.0
2669,0.96
2671,0.0
2676,0.0
2688,0.0
2699,0.0
2714,0.0
2715,0.0
2720,0.0
2722,0.0
2723,0.0
2728,0.0
2738,0.0
2747,0.0
2760,0.0
2763,0.0
2777,0.0
2779,0.0
2782,0.0
2790,0.0
2808,0.0
2809,0.0
2810,0.0
2814,0.0
2815,0.0
2819,0.0
2821,0.0
2834,0.0
2835,0.0
2846,0.0
2852,0.0
2860,0.0
2862,0.41
2863,0.96
2864,0.0
2866,0.02
2868,0.0
2869,0.0
2871,0.0
2880,0.0
2884,0.0
2889,0.0
2893,0.0
2906,0.0
2907,0.96
2914,0.96
2920,0.41
2935,0.0
2939,0.0
2947,0.0
2955,0.0
2956,0.0
2961,0.0
2963,0.0
2968,0.0
2970,0.0
2973,0.0
2974,0.0
2976,0.0
2977,0.0
2985,0.0
2992,0.0
2994,0.0
3002,0.0
3004,0.0
3006,0.0
3008,0.96
3010,0.0
3013,0.0
3017,0.0
3024,0.96
3028,0.0
3031,0.0
3040,0.0
3048,0.0
3054,0.0
3059,0.0
3077,0.0
3079,0.0
3080,0.0
3082,0.0
3086,0.0
3093,0.96
3097,0.0
3108,0.0
3110,0.96
3114,0.0
3115,0.0
3120,0.0
3128,0.0
3141,0.0
3145,0.0
3156,0.0
3160,0.0
3169,0.0
3170,0.0
3172,0.0
3191,0.0
3192,0.96
3197,0.0
3199,0.0
3202,0.0
3207,0.0
3209,0.0
3212,0.0
3214,0.0
3215,0.0
3216,0.0
3217,0.0
3218,0.0
3221,0.0
3227,0.0
3235,0.0
3238,0.0
3239,0.96
3244,0.0
3245,0.0
3252,0.0
3267,0.0
3268,0.0
3273,0.0
3279,0.0
3283,0.0
3286,0.0
3289,0.0
3302,0.0
3305,0.0
3313,0.0
3314,0.0
3321,0.0
3349,0.0
3350,0.0
3351,0.0
3352,0.0
3370,0.0
3376,0.0
3383,0.0
3388,0.0
3400,0.0
3401,0.0
3402,0.0
3403,0.0
3404,0.0
3406,0.0
3414,0.96
3418,0.96
3420,0.0
3421,0.0
3426,0.0
3434,0.41
3435,0.0
3439,0.0
3462,0.0
3463,0.0
3465,0.0
3472,0.0
3478,0.0
3479,0.0
3493,0.0
3494,0.0
3496,0.0
3498,0.0
3502,0.0
3513,0.0
3514,0.0
3515,0.0
3517,0.0
3539,0.0
3542,0.0
3543,0.0
3558,0.0
3567,0.0
3570,0.0
3571,0.0
3575,0.0
3596,0.0
3603,0.0
3608,0.96
3609,0.0
3617,0.0
3628,0.0
3631,0.0
3637,0.0
3640,0.0
3641,0.0
3650,0.0
3653,0.0
3662,0.0
3663,0.0
3665,0.0
3671,0.0
3672,0.0
3681,0.0
3688,0.0
3691,0.0
3696,0.0
3699,0.0
3707,0.0
3714,0.0
3716,0.0
3722,0.0
3729,0.0
3733,0.0
3748,0.41
3752,0.0
3753,0.0
3756,0.0
3760,0.0
3768,0.96
3772,0.0
3773,0.0
3776,0.0
3781,0.0
3793,0.0
3794,0.0
3803,0.0
3804,0.0
3805,0.0
3810,0.0
3811,0.0
3818,0.0
3820,0.0
3826,0.0
3830,0.0
3832,0.0
3835,0.0
3851,0.0
3852,0.0
3862,0.0
3872,0.0
3874,0.0
3877,0.0
3878,0.0
3885,0.0
3889,0.41
3894,0.0
3902,0.0
3903,0.0
3911,0.0
3912,0.0
3918,0.0
3919,0.0
3924,0.0
3925,0.0
3930,0.0
3934,0.0
3939,0.0
3940,0.96
3942,0.0
3944,0.0
3945,0.0
3954,0.0
3957,0.0
3970,0.96
3973,0.0
3981,0.0
3982,0.0
3984,0.0
3994,0.0
3997,0.0
4003,0.0
4008,0.0
4016,0.0
4018,0.0
4021,0.0
4035,0.96
4039,0.0
4042,0.0
4046,0.96
4056,0.0
4063,0.0
4064,0.96
4066,0.0
4070,0.0
4072,0.0
4075,0.0
4077,0.0
4094,0.0
4096,0.0
4097,0.0
4098,0.0
4104,0.0
4109,0.0
4116,0.0
4118,0.0
4125,0.0
4127,0.0
4135,0.0
4140,0.0
4143,0.0
4145,0.0
4159,0.0
4165,0.0
4169,0.0
4170,0.0
4178,0.0
4183,0.0
4186,0.0
4191,0.0
4194,0.0
4196,0.96
4202,0.0
4203,0.0
4217,0.0
4219,0.96
4224,0.96
4226,0.0
4227,0.0
4233,0.0
4242,0.0
4244,0.0
4247,0.0
4254,0.96
4260,0.0
4261,0.0
4263,0.0
4269,0.96
4271,0.0
4281,0.0
4293,0.0
4298,0.0
4301,0.0
4302,0.0
4319,0.0
4322,0.96
4323,0.0
4327,0.0
4329,0.0
4330,0.0
4333,0.0
4337,0.0
4345,0.0
4356,0.0
4368,0.0
4377,0.0
4378,0.0
4388,0.0
4407,0.0
4408,0.0
4410,0.0
4413,0.0
4414,0.0
4415,0.0
4426,0.0
4428,0.0
4436,0.0
4452,0.0
4459,0.0
4467,0.0
4469,0.0
4470,0.0
4473,0.0
4477,0.0
4484,0.0
4485,0.0
4487,0.0
4488,0.0
4489,0.0
4491,0.0
4523,0.0
4543,0.0
4545,0.0
4549,0.41
4554,0.0
4556,0.0
4559,0.0
4562,0.0
4564,0.0
4569,0.0
4573,0.0
4574,0.0
4593,0.96
4600,0.0
4616,0.0
4623,0.0
4626,0.0
4628,0.0
4630,0.96
4635,0.0
4643,0.0
4650,0.0
4651,0.02
4668,0.0
4671,0.0
4672,0.0
4676,0.0
4677,0.0
4690,0.0
4706,0.0
4707,0.0
4717,0.0
4722,0.0
4724,0.0
4727,0.0
4728,0.0
4736,0.96
4742,0.0
4747,0.0
4748,0.0
4750,0.0
4752,0.0
4775,0.0
4777,0.96
4780,0.0
4785,0.0
4788,0.0
4789,0.0
4790,0.96
4791,0.0
4797,0.0
4800,0.0
4813,0.0
4815,0.0
4816,0.0
4818,0.0
4820,0.0
4832,0.0
4835,0.02
4836,0.0
4845,0.0
4846,0.0
4848,0.0
4849,0.0
4857,0.0
4858,0.0
4863,0.41
4876,0.96
4882,0.0
4885,0.0
4896,0.0
4897,0.0
4901,0.0
4904,0.0
4910,0.0
4915,0.0
4916,0.0
4924,0.0
4926,0.0
4927,0.0
4928,0.0
4932,0.0
4938,0.0
4940,0.0
4948,0.0
4951,0.0
4976,0.41
4985,0.0
4986,0.0
4992,0.0
5008,0.0
5012,0.96
5026,0.0
5028,0.0
5030,0.0
5031,0.0
5034,0.41
5037,0.0
5039,0.0
5041,0.0
5046,0.0
5047,0.0
5048,0.0
5055,0.0
5060,0.0
5066,0.02
5069,0.0
5072,0.0
5077,0.0
5089,0.0
5090,0.0
5091,0.0
5093,0.0
5095,0.0
5101,0.0
5103,0.0
5106,0.0
5107,0.96
5109,0.0
5112,0.0
5114,0.0
5115,0.0
5123,0.0
5127,0.0
5128,0.0
5129,0.0
5137,0.0
5138,0.0
5144,0.0
5150,0.0
5151,0.0
5157,0.0
5160,0.0
5165,0.0
5170,0.0
5173,0.96
5182,0.96
5183,0.0
5187,0.0
5188,0.0
5207,0.0
5210,0.0
5218,0.0
5223,0.0
5227,0.0
5230,0.0
5232,0.0
5233,0.96
5245,0.0
5248,0.0
5249,0.41
5252,0.0
5261,0.0
5264,0.0
5267,0.0
5268,0.0
5269,0.0
5271,0.0
5274,0.0
5275,0.0
5280,0.0
5281,0.0
5284,0.0
5285,0.0
5291,0.0
5297,0.0
5302,0.0
5303,0.0
5304,0.0
5306,0.0
5309,0.0
5317,0.0
5320,0.0
5321,0.0
5328,0.0
5329,0.0
5333,0.0
5336,0.0
5337,0.0
5343,0.0
5348,0.96
5351,0.0
5352,0.0
5353,0.0
5356,0.0
5366,0.0
5368,0.0
5372,0.0
5386,0.0
5387,0.0
5388,0.0
5391,0.0
5397,0.0
5399,0.0
5400,0.0
5409,0.0
5413,0.0
5414,0.0
5419,0.0
5423,0.96
5425,0.0
5427,0.0
5433,0.0
5434,0.0
5435,0.0
5441,0.02
5447,0.0
5457,0.0
5463,0.0
5465,0.0
5470,0.0
5477,0.0
5478,0.0
5483,0.0
5486,0.0
5487,0.0
5492,0.0
5496,0.0
5497,0.0
5503,0.0
5522,0.0
5536,0.0
5544,0.02
5549,0.0
5554,0.0
5561,0.0
5566,0.96
5569,0.0
5574,0.0
5578,0.0
5580,0.0
5590,0.0
5591,0.0
5628,0.0
5635,0.0
5644,0.0
5657,0.96
5665,0.0
5695,0.0
5697,0.0
5704,0.0
5707,0.0
5711,0.0
5713,0.0
5717,0.0
5718,0.0
5719,0.41
5720,0.0
5727,0.96
5728,0.0
5731,0.0
5736,0.0
5738,0.0
5744,0.0
5747,0.0
5748,0.0
5749,0.0
5751,0.0
5755,0.0
5760,0.0
5763,0.0
5774,0.0
5775,0.0
5780,0.0
5788,0.0
5797,0.0
5814,0.0
5815,0.0
5822,0.0
5823,0.0
5833,0.0
5835,0.0
5838,0.0
5857,0.0
5860,0.0
5871,0.0
5883,0.0
5895,0.0
5900,0.0
5905,0.0
5926,0.0
5930,0.0
5943,0.0
5951,0.0
5957,0.0
5958,0.0
5960,0.0
5978,0.0
5982,0.0
5990,0.0
5998,0.0
6004,0.0
6005,0.0
6027,0.0
6030,0.0
6035,0.0
6045,0.0
6046,0.0
6047,0.0
6060,0.0
6061,0.0
6066,0.0
6076,0.96
6077,0.0
6084,0.0
6087,0.0
6093,0.0
6096,0.0
6098,0.0
6099,0.96
6108,0.0
6120,0.0
6125,0.0
6136,0.41
6140,0.0
6142,0.96
6145,0.0
6154,0.0
6158,0.0
6161,0.0
6164,0.0
6172,0.0
6178,0.0
6180,0.0
6188,0.0
6194,0.0
6195,0.0
6196,0.0
6204,0.0
6205,0.0
6220,0.0
6225,0.0
6229,0.0
6231,0.0
6232,0.0
6235,0.0
6251,0.0
6254,0.96
6255,0.41
6265,0.02
6273,0.0
6291,0.0
6296,0.0
6298,0.0
6309,0.0
6311,0.0
6312,0.0
6316,0.0
6340,0.0
6341,0.0
6347,0.0
6351,0.0
6359,0.0
6362,0.0
6363,0.0
6365,0.0
6368,0.0
6382,0.0
6385,0.0
6387,0.0
6389,0.0
6392,0.0
6395,0.0
6408,0.0
6409,0.0
6411,0.0
6414,0.0
6425,0.0
6433,0.0
6434,0.0
6437,0.0
6438,0.0
6440,0.0
6448,0.0
6449,0.41
6460,0.96
6469,0.0
6475,0.0
6477,0.0
6494,0.0
6501,0.0
6504,0.0
6511,0.0
6513,0.0
6514,0.0
6520,0.0
6523,0.0
6527,0.0
6530,0.0
6534,0.0
6537,0.0
6545,0.0
6549,0.0
6553,0.0
6559,0.0
6560,0.0
6570,0.41
6596,0.0
6604,0.0
6606,0.0
6610,0.0
6611,0.0
6614,0.96
6617,0.0
6621,0.0
6624,0.96
6627,0.0
6630,0.0
6631,0.0
6637,0.0
6643,0.0
6645,0.0
6653,0.0
6655,0.0
6658,0.0
6660,0.0
6665,0.0
6670,0.0
6675,0.0
6678,0.96
6680,0.0
6685,0.0
6688,0.02
6694,0.0
6695,0.0
6702,0.0
6709,0.0
6723,0.0
6725,0.0
6728,0.0
6732,0.0
6737,0.0
6741,0.41
6763,0.0
6769,0.0
6776,0.0
6778,0.0
6779,0.0
6780,0.0
6784,0.0
6785,0.0
6788,0.0
6789,0.0
6792,0.96
6793,0.0
6798,0.0
6802,0.0
6804,0.0
6809,0.0
6810,0.0
6813,0.96
6821,0.0
6826,0.96
6831,0.0
6835,0.0
6869,0.0
6874,0.96
6875,0.0
6876,0.0
6882,0.0
6883,0.0
6887,0.0
6899,0.0
6901,0.0
6905,0.0
6906,0.0
6907,0.0
6909,0.0
6920,0.0
6925,0.0
6931,0.0
6932,0.0
6939,0.0
6944,0.0
6952,0.0
6978,0.0
6985,0.0
6986,0.0
6989,0.0
6992,0.0
6995,0.0
7002,0.0
7017,0.0
7028,0.0
7038,0.0
7042,0.0
7043,0.0
7052,0.96
7054,0.0
7056,0.0
7061,0.0
7068,0.0
7077,0.0
7084,0.0
7085,0.0
7086,0.0
7093,0.0
7098,0.0
7101,0.0
7102,0.0
7106,0.0
7114,0.0
7117,0.0
7118,0.0
7130,0.96
7140,0.0
7144,0.0
7147,0.0
7150,0.41
7156,0.0
7157,0.0
7159,0.0
7160,0.0
7177,0.0
7179,0.0
7181,0.0
7182,0.0
7189,0.0
7191,0.0
7205,0.0
7207,0.0
7208,0.0
7210,0.0
7211,0.02
7214,0.0
7216,0.0
7219,0.0
7221,0.0
7222,0.0
7223,0.0
7224,0.0
7226,0.0
7227,0.0
7229,0.0
7231,0.0
7235,0.0
7237,0.0
7243,0.0
7246,0.0
7249,0.0
7252,0.0
7253,0.0
7259,0.0
7263,0.0
7274,0.02
7275,0.0
7276,0.0
7278,0.0
7286,0.0
7288,0.0
7291,0.0
7304,0.0
7308,0.02
7310,0.0
7315,0.0
7318,0.0
7326,0.0
7328,0.0
7339,0.02
7347,0.0
7360,0.0
7361,0.0
7363,0.0
7365,0.0
7373,0.0
7374,0.96
7388,0.0
7391,0.0
7406,0.0
7408,0.96
7410,0.0
7413,0.0
7416,0.0
7419,0.0
7426,0.0
7427,0.0
7432,0.0
7435,0.0
7439,0.0
7443,0.0
7445,0.41
7446,0.0
7460,0.0
7464,0.0
7472,0.0
7473,0.0
7476,0.0
7477,0.0
7479,0.0
7482,0.0
7486,0.0
7490,0.0
7492,0.96
7498,0.0
7500,0.0
7511,0.0
7516,0.0
7518,0.0
7519,0.0
7520,0.0
7527,0.0
7528,0.0
7530,0.0
7531,0.0
7535,0.0
7537,0.0
7539,0.0
7543,0.0
7548,0.0
7550,0.0
7555,0.0
7572,0.96
7577,0.0
7583,0.0
7592,0.0
7594,0.0
7595,0.0
7598,0.0
7609,0.0
7610,0.0
7613,0.0
7617,0.0
7619,0.0
7635,0.0
7638,0.0
7641,0.0
7643,0.0
7650,0.0
7655,0.0
7669,0.0
7671,0.0
7686,0.0
7689,0.0
7696,0.0
7698,0.0
7700,0.0
7703,0.0
7706,0.0
7710,0.0
7711,0.0
7719,0.96
7722,0.0
7723,0.0
7724,0.0
7727,0.0
7731,0.0
7747,0.0
7748,0.0
7764,0.0
7770,0.0
7771,0.0
7786,0.0
7792,0.96
7794,0.0
7796,0.0
7797,0.0
7800,0.0
7806,0.0
7808,0.0
7828,0.0
7829,0.0
7832,0.0
7834,0.0
7840,0.0
7842,0.0
7843,0.0
7850,0.0
7857,0.0
7876,0.0
7880,0.0
7882,0.0
7898,0.0
7902,0.0
7915,0.96
7918,0.0
7919,0.0
7920,0.0
7930,0.0
7932,0.0
7933,0.0
7938,0.96
7942,0.0
7954,0.96
7956,0.0
7961,0.0
7969,0.0
7972,0.0
7974,0.0
7976,0.0
7980,0.0
7981,0.0
7982,0.0
7985,0.0
7989,0.0
7990,0.0
7993,0.0
7994,0.0
8002,0.0
8007,0.41
8008,0.0
8029,0.0
8042,0.0
8047,0.0
8064,0.96
8067,0.0
8070,0.0
8076,0.0
8081,0.0
8083,0.0
8085,0.0
8089,0.0
8090,0.0
8093,0.0
8095,0.0
8100,0.0
8104,0.0
8107,0.0
8108,0.0
8109,0.0
8121,0.0
8123,0.0
8144,0.0
8147,0.0
8148,0.0
8153,0.0
8158,0.0
8163,0.96
8173,0.0
8178,0.0
8183,0.0
8187,0.41
8189,0.0
8195,0.0
8197,0.0
8209,0.0
8210,0.0
8211,0.0
8212,0.0
8213,0.0
8214,0.0
8215,0.0
8221,0.0
8224,0.0
8227,0.0
8236,0.0
8237,0.0
8238,0.0
8241,0.0
8243,0.0
8244,0.0
8246,0.0
8248,0.0
8255,0.0
8257,0.0
8258,0.0
8266,0.0
8268,0.0
8270,0.0
8285,0.0
8286,0.96
8287,0.0
8293,0.0
8313,0.0
8314,0.0
8316,0.0
8317,0.0
8321,0.0
8323,0.0
8330,0.0
8336,0.0
8340,0.96
8341,0.0
8347,0.0
8349,0.0
8357,0.0
8365,0.0
8366,0.0
8367,0.0
8368,0.0
8369,0.0
8378,0.0
8380,0.0
8381,0.0
8390,0.96
8393,0.0
8395,0.0
8408,0.0
8414,0.0
8425,0.0
8430,0.96
8434,0.0
8437,0.0
8440,0.0
8445,0.0
8448,0.0
8449,0.0
8451,0.0
8452,0.0
8463,0.0
8469,0.0
8479,0.0
8488,0.0
8495,0.96
8497,0.0
8502,0.0
8505,0.0
8506,0.0
8510,0.0
8511,0.0
8513,0.0
8514,0.0
8515,0.0
8516,0.0
8518,0.0
8520,0.0
8521,0.0
8534,0.0
8540,0.0
8541,0.0
8544,0.0
8550,0.0
8553,0.0
8556,0.0
8561,0.0
8562,0.0
8563,0.0
8564,0.0
8567,0.0
8568,0.0
8572,0.0
8585,0.96
8586,0.0
8588,0.0
8590,0.0
8599,0.0
8601,0.0
8608,0.0
8611,0.02
8614,0.0
8621,0.0
8626,0.0
8629,0.0
8630,0.0
8633,0.0
8640,0.0
8644,0.02
8658,0.02
8659,0.0
8668,0.0
8670,0.96
8674,0.96
8676,0.0
8684,0.0
8687,0.96
8697,0.0
8698,0.96
8699,0.0
8707,0.96
8708,0.0
8709,0.96
8713,0.0
8716,0.02
8720,0.96
8728,0.96
8730,0.0
8736,0.41
8752,0.0
8754,0.96
8762,0.0
8769,0.96
8772,0.0
8782,0.0
8789,0.0
8794,0.0
8809,0.0
8813,0.0
8819,0.0
8821,0.0
8822,0.0
8824,0.41
8828,0.0
8831,0.0
8832,0.0
8836,0.0
8838,0.0
8839,0.0
8841,0.0
8842,0.0
8844,0.0
8848,0.0
8849,0.0
8854,0.0
8859,0.0
8861,0.0
8868,0.0
8876,0.0
8878,0.0
8888,0.0
8896,0.0
8902,0.0
8909,0.0
8912,0.0
8918,0.0
8920,0.0
8927,0.0
8928,0.0
8933,0.0
8934,0.0
8944,0.0
8948,0.0
8952,0.0
8957,0.0
8961,0.0
8962,0.0
8968,0.41
8970,0.0
8974,0.0
8980,0.0
8985,0.0
8991,0.0
8999,0.0
9006,0.0
9009,0.0
9017,0.0
9030,0.0
9032,0.0
9034,0.96
9041,0.0
9042,0.0
9043,0.0
9044,0.0
9046,0.0
9051,0.0
9054,0.02
9058,0.0
9064,0.0
9074,0.41
9078,0.0
9081,0.0
9082,0.0
9084,0.0
9085,0.96
9086,0.0
9106,0.0
9108,0.0
9111,0.0
9116,0.0
9120,0.0
9134,0.96
9144,0.0
9146,0.0
9147,0.0
9148,0.0
9150,0.0
9159,0.96
9161,0.0
9163,0.0
9166,0.0
9174,0.96
9175,0.0
9183,0.0
9184,0.0
9192,0.0
9195,0.0
9196,0.0
9202,0.0
9214,0.0
9216,0.0
9222,0.0
9223,0.96
9231,0.02
9235,0.0
9240,0.0
9245,0.0
9260,0.0
9261,0.0
9262,0.0
9268,0.0
9276,0.0
9279,0.96
9283,0.0
9289,0.0
9292,0.96
9300,0.0
9305,0.0
9311,0.0
9312,0.0
9323,0.0
9326,0.0
9327,0.0
9328,0.0
9329,0.0
9330,0.0
9335,0.96
9344,0.0
9346,0.0
9347,0.0
9356,0.0
9368,0.0
9372,0.0
9374,0.0
9375,0.0
9379,0.0
9382,0.0
9384,0.0
9389,0.0
9392,0.0
9397,0.0
9400,0.0
9405,0.96
9409,0.0
9414,0.0
9418,0.0
9423,0.0
9424,0.0
9426,0.0
9429,0.0
9431,0.0
9434,0.0
9442,0.0
9444,0.0
9450,0.0
9451,0.0
9452,0.0
9454,0.0
9455,0.0
9471,0.0
9473,0.0
9475,0.0
9486,0.0
9490,0.0
9498,0.0
9499,0.0
9505,0.0
9513,0.0
9515,0.0
9518,0.0
9524,0.96
9525,0.0
9527,0.96
9533,0.0
9536,0.0
9548,0.0
9553,0.0
9556,0.02
9562,0.0
9575,0.0
9577,0.0
9581,0.0
9584,0.0
9586,0.96
9598,0.0
9599,0.0
9600,0.0
9603,0.0
9616,0.0
9620,0.0
9625,0.0
9626,0.0
9637,0.0
9643,0.0
9650,0.0
9654,0.0
9657,0.0
9666,0.0
9668,0.0
9669,0.0
9676,0.0
9679,0.0
9680,0.0
9681,0.0
9684,0.0
9686,0.0
9707,0.0
9714,0.0
9715,0.0
9719,0.0
9728,0.0
9729,0.0
9732,0.0
9738,0.0
9747,0.0
9748,0.0
9750,0.0
9753,0.0
9755,0.0
9758,0.0
9767,0.0
9769,0.0
9771,0.0
9776,0.96
9788,0.96
9798,0.0
9810,0.0
9816,0.0
9818,0.0
9819,0.0
9823,0.0
9832,0.0
9836,0.0
9839,0.0
9840,0.0
9846,0.0
9854,0.0
9856,0.0
9857,0.0
9858,0.0
9865,0.0
9866,0.0
9875,0.0
9882,0.0
9886,0.0
9890,0.0
9892,0.0
9894,0.41
9896,0.0
9897,0.0
9904,0.0
9910,0.0
9911,0.0
9912,0.0
9932,0.0
9934,0.0
9939,0.02
9948,0.0
9958,0.0
9963,0.0
9968,0.0
9969,0.0
9972,0.0
9979,0.0
9985,0.0
9987,0.0
10012,0.0
10014,0.0
10017,0.0
10026,0.0
10032,0.96
10039,0.0
10041,0.02
10042,0.0
10046,0.0
10048,0.0
10049,0.0
10052,0.0
10054,0.0
10056,0.96
10057,0.0
10064,0.0
10067,0.0
10069,0.0
10071,0.0
10076,0.0
10083,0.0
10087,0.0
10089,0.0
10096,0.0
10103,0.0
10104,0.0
10107,0.0
10112,0.0
10114,0.41
10129,0.0
10138,0.0
10140,0.96
10145,0.0
10147,0.0
10153,0.0
10166,0.0
10174,0.02
10179,0.0
10180,0.0
10186,0.0
10196,0.0
10205,0.41
10210,0.0
10217,0.0
10221,0.0
10222,0.96
10228,0.0
10244,0.96
10246,0.0
10253,0.0
10258,0.0
10259,0.0
10264,0.0
10273,0.0
10285,0.0
10291,0.0
10292,0.0
10315,0.0
10321,0.0
10323,0.0
10333,0.96
10336,0.0
10340,0.0
10344,0.0
10346,0.0
10348,0.0
10352,0.0
10366,0.0
10374,0.0
10376,0.0
10378,0.0
10382,0.0
10384,0.0
10386,0.0
10387,0.0
10403,0.0
10405,0.96
10410,0.02
10413,0.0
10414,0.0
10416,0.0
10420,0.0
10423,0.0
10424,0.0
10429,0.0
10448,0.0
10451,0.0
10452,0.0
10456,0.0
10464,0.0
10471,0.0
10474,0.96
10476,0.0
10478,0.0
10482,0.0
10489,0.0
10490,0.0
10492,0.96
10493,0.0
10497,0.0
10499,0.0
10501,0.0
10517,0.0
10518,0.96
10522,0.0
10529,0.0
10531,0.0
10532,0.0
10539,0.0
10567,0.0
10578,0.0
10581,0.0
10582,0.0
10583,0.0
10587,0.0
10609,0.0
10614,0.0
10617,0.0
10620,0.0
10623,0.0
10629,0.0
10632,0.0
10646,0.0
10648,0.0
10649,0.0
10650,0.0
10653,0.0
10657,0.0
10661,0.0
10663,0.0
10664,0.0
10669,0.0
10671,0.0
10673,0.0
10674,0.0
10677,0.0
10678,0.0
10686,0.0
10687,0.0
10691,0.0
10692,0.0
10693,0.0
10697,0.0
10699,0.0
10705,0.0
10722,0.02
10726,0.0
10737,0.0
10739,0.96
10744,0.02
10750,0.0
10754,0.02
10760,0.0
10761,0.0
10772,0.0
10778,0.0
10784,0.0
10800,0.0
10804,0.0
10812,0.0
10815,0.96
10816,0.96
10818,0.0
10819,0.0
10821,0.0
10822,0.0
10826,0.41
10829,0.0
10832,0.0
10840,0.0
10841,0.0
10842,0.0
10846,0.0
10849,0.0
10851,0.0
10861,0.0
10866,0.0
10868,0.0
10870,0.0
10872,0.0
10876,0.0
10879,0.0
10881,0.0
10906,0.0
10909,0.0
10917,0.0
10924,0.0
10929,0.0
10936,0.0
10943,0.0
10947,0.0
10966,0.0
10967,0.0
10975,0.0
10977,0.0
10979,0.0
10983,0.0
10984,0.0
10986,0.0
10991,0.0
11001,0.0
11003,0.0
11007,0.0
11012,0.02
11014,0.96
11015,0.0
11019,0.96
11028,0.0
11030,0.0
11033,0.0
11035,0.96
11037,0.96
11047,0.0
11053,0.0
11056,0.0
11065,0.0
11085,0.0
11090,0.0
11098,0.0
11099,0.0
11111,0.96
11112,0.0
11113,0.96
11120,0.96
11124,0.0
11131,0.0
11137,0.96
11138,0.0
11139,0.0
11141,0.0
11150,0.0
11151,0.0
11152,0.0
11155,0.0
11157,0.0
11169,0.96
11174,0.0
11179,0.0
11181,0.0
11191,0.0
11196,0.0
11204,0.0
11206,0.0
11207,0.0
11209,0.0
11210,0.0
11222,0.0
11223,0.0
11227,0.0
11233,0.0
11238,0.0
11242,0.0
11243,0.0
11246,0.0
11260,0.0
11268,0.0
11269,0.0
11271,0.0
11273,0.02
11277,0.0
11289,0.0
11303,0.0
11304,0.0
11306,0.0
11307,0.0
11313,0.0
11318,0.0
11325,0.0
11326,0.41
11338,0.0
11349,0.96
11350,0.0
11367,0.0
11374,0.0
11377,0.0
11379,0.0
11380,0.0
11383,0.0
11387,0.0
11388,0.0
11389,0.0
11391,0.0
11407,0.0
11411,0.0
11414,0.0
11415,0.0
11417,0.0
11419,0.0
11426,0.0
11430,0.0
11440,0.0
11448,0.0
11450,0.0
11456,0.0
11463,0.0
11477,0.0
11478,0.0
11481,0.0
11486,0.0
11500,0.0
11501,0.0
11514,0.0
11521,0.0
11525,0.41
11526,0.0
11529,0.0
11544,0.96
11545,0.0
11558,0.0
11569,0.96
11571,0.0
11572,0.0
11581,0.0
11584,0.0
11585,0.0
11586,0.0
11589,0.0
11595,0.0
11606,0.0
11608,0.96
11609,0.0
11611,0.0
11617,0.0
11619,0.96
11622,0.0
11625,0.0
11630,0.0
11631,0.41
11635,0.0
11637,0.0
11660,0.0
11664,0.0
11665,0.0
11667,0.0
11674,0.96
11682,0.96
11695,0.0
11703,0.0
11706,0.0
11707,0.0
11712,0.0
11717,0.0
11722,0.0
11727,0.0
11732,0.0
11734,0.0
11739,0.0
11741,0.0
11742,0.0
11745,0.0
11749,0.0
11756,0.0
11758,0.0
11764,0.0
11777,0.0
11780,0.0
11781,0.96
11788,0.0
11807,0.0
11808,0.0
11811,0.0
11823,0.0
11829,0.0
11832,0.0
11834,0.0
11835,0.0
11838,0.0
11843,0.0
11849,0.0
11856,0.0
11865,0.0
11870,0.0
11871,0.0
11874,0.0
11877,0.0
11881,0.0
11892,0.0
11899,0.0
11901,0.0
11911,0.0
11913,0.96
11921,0.0
11923,0.0
11924,0.0
11926,0.0
11928,0.0
11933,0.0
11938,0.0
11939,0.0
11944,0.0
11946,0.0
11948,0.0
11963,0.0
11967,0.0
11971,0.0
11979,0.0
11980,0.0
11981,0.0
11982,0.0
11984,0.96
11985,0.02
11988,0.0
11990,0.0
11991,0.0
11998,0.96
12008,0.0
12021,0.0
12023,0.96
12035,0.0
12051,0.0
12064,0.0
12065,0.0
12076,0.0
12085,0.0
12089,0.0
12095,0.0
12106,0.0
12113,0.0
12114,0.0
12117,0.0
12125,0.0
12128,0.0
12129,0.0
12132,0.0
12137,0.0
12138,0.0
12150,0.0
12152,0.0
12155,0.0
12161,0.96
12162,0.96
12170,0.0
12174,0.0
12175,0.0
12183,0.0
12184,0.0
12187,0.0
12188,0.0
12194,0.0
12199,0.0
12200,0.0
12212,0.0
12220,0.0
12223,0.0
12224,0.0
12227,0.0
12228,0.0
12229,0.0
12239,0.0
12244,0.0
12258,0.0
12260,0.0
12270,0.0
12287,0.0
12289,0.0
12290,0.0
12302,0.0
12306,0.0
12314,0.0
12318,0.0
12322,0.96
12332,0.0
12339,0.0
12343,0.0
12346,0.0
12355,0.0
12357,0.0
12370,0.0
12383,0.0
12389,0.41
12392,0.96
12394,0.0
12400,0.0
12412,0.0
12427,0.0
12431,0.0
12435,0.0
12442,0.0
12450,0.0
12451,0.0
12455,0.0
12460,0.0
12464,0.0
12474,0.0
12479,0.0
12484,0.0
12487,0.0
12493,0.0
12499,0.0
12504,0.0
12510,0.0
12519,0.0
12521,0.0
12531,0.0
12533,0.0
12536,0.0
12538,0.0
12540,0.0
12541,0.0
12549,0.0
12555,0.96
12559,0.0
12562,0.0
12565,0.0
12575,0.0
12579,0.0
12585,0.0
12594,0.0
12595,0.0
12599,0.0
12610,0.0
12623,0.0
12628,0.0
12631,0.0
12652,0.0
12653,0.0
12655,0.0
12664,0.96
12667,0.0
12675,0.0
12677,0.96
12679,0.0
12683,0.0
12684,0.41
12693,0.0
12700,0.0
12704,0.0
12709,0.0
12713,0.0
12714,0.0
12716,0.0
12718,0.0
12725,0.96
12733,0.0
12743,0.0
12744,0.0
12746,0.0
12748,0.0
12751,0.0
12754,0.96
12759,0.0
12761,0.0
12771,0.0
12775,0.0
12781,0.0
12793,0.0
12800,0.0
12802,0.0
12805,0.0
12810,0.0
12813,0.0
12817,0.0
12818,0.0
12823,0.0
12826,0.0
12827,0.0
12834,0.0
12836,0.0
12844,0.0
12857,0.96
12859,0.0
12860,0.0
12862,0.0
12865,0.0
12879,0.0
12883,0.0
12885,0.0
12902,0.0
12907,0.0
12908,0.0
12914,0.0
12921,0.0
12924,0.0
12925,0.0
12929,0.0
12933,0.96
12936,0.0
12937,0.0
12943,0.0
12945,0.0
12948,0.0
12949,0.0
12953,0.0
12955,0.0
12956,0.0
12959,0.0
12968,0.0
12997,0.0
13002,0.0
13010,0.0
13011,0.0
13012,0.0
13015,0.0
13021,0.0
13024,0.0
13028,0.0
13029,0.0
13031,0.0
13036,0.0
13037,0.0
13045,0.0
13046,0.0
13047,0.0
13051,0.0
13055,0.0
13056,0.0
13073,0.0
13077,0.0
13078,0.0
13083,0.0
13089,0.0
13093,0.0
13099,0.0
13102,0.0
13109,0.0
13110,0.0
13113,0.0
13118,0.0
13121,0.0
13126,0.0
13129,0.0
13132,0.0
13148,0.0
13150,0.0
13153,0.0
13169,0.0
13170,0.0
13192,0.0
13196,0.0
13224,0.0
13226,0.0
13228,0.0
13237,0.0
13246,0.0
13247,0.0
13249,0.0
13253,0.0
13257,0.0
13263,0.0
13264,0.0
13265,0.96
13266,0.0
13276,0.0
13279,0.0
13283,0.0
13285,0.0
13286,0.0
13288,0.0
13295,0.96
13299,0.0
13308,0.0
13319,0.0
13321,0.0
13324,0.0
13325,0.0
13327,0.0
13330,0.0
13332,0.0
13341,0.0
13351,0.0
13358,0.0
13360,0.0
13362,0.0
13385,0.96
13391,0.0
13394,0.0
13396,0.0
13400,0.02
13405,0.0
13411,0.0
13416,0.0
13418,0.0
13420,0.0
13432,0.0
13435,0.0
13455,0.0
13457,0.0
13464,0.0
13479,0.0
13492,0.0
13493,0.0
13503,0.0
13505,0.02
13508,0.0
13515,0.0
13518,0.0
13520,0.0
13522,0.0
13530,0.96
13531,0.0
13538,0.0
13541,0.0
13546,0.0
13549,0.0
13550,0.96
13557,0.0
13561,0.0
13569,0.0
13572,0.0
13583,0.0
13586,0.0
13587,0.0
13596,0.0
13597,0.0
13599,0.0
13603,0.0
13609,0.0
13617,0.0
13619,0.0
13629,0.0
13630,0.0
13631,0.0
13634,0.0
13642,0.0
13658,0.41
13664,0.0
13667,0.0
13670,0.0
13671,0.0
13681,0.0
13689,0.0
13690,0.0
13693,0.0
13696,0.0
13700,0.0
13701,0.0
13704,0.0
13712,0.96
13713,0.0
13718,0.0
13720,0.0
13728,0.96
13732,0.0
13733,0.0
13744,0.0
13746,0.41
13747,0.0
13750,0.0
13756,0.0
13760,0.0
13767,0.0
13771,0.0
13772,0.0
13780,0.0
13785,0.0
13788,0.0
13798,0.96
13799,0.0
13804,0.0
13809,0.96
13813,0.0
13815,0.0
13823,0.0
13832,0.0
13836,0.0
13840,0.0
13849,0.0
13860,0.0
13867,0.0
13872,0.0
13873,0.0
13874,0.0
13881,0.0
13889,0.0
13892,0.0
13899,0.0
13901,0.0
13930,0.96
13932,0.0
13934,0.96
13945,0.0
13949,0.0
13951,0.0
13956,0.0
13958,0.0
13962,0.0
13972,0.0
13974,0.0
13976,0.0
13987,0.0
13988,0.0
14000,0.0
14002,0.0
14010,0.0
14013,0.0
14019,0.0
14026,0.0
14027,0.0
14029,0.0
14032,0.0
14033,0.0
14034,0.0
14035,0.0
14040,0.0
14042,0.0
14044,0.0
14057,0.0
14058,0.0
14064,0.0
14067,0.0
14077,0.0
14086,0.0
14105,0.0
14106,0.0
14117,0.96
14120,0.0
14124,0.0
14127,0.0
14130,0.0
14135,0.96
14138,0.0
14140,0.0
14149,0.0
14151,0.0
14153,0.96
14158,0.0
14163,0.0
14165,0.0
14170,0.0
14179,0.0
14182,0.0
14190,0.0
14192,0.0
14198,0.96
14210,0.96
14218,0.0
14229,0.0
14230,0.0
14235,0.0
14236,0.0
14247,0.0
14257,0.0
14262,0.0
14267,0.0
14272,0.0
14281,0.0
14282,0.0
14283,0.0
14285,0.0
14288,0.0
14290,0.0
14291,0.0
14295,0.0
14296,0.02
14297,0.0
14303,0.0
14322,0.0
14324,0.0
14331,0.0
14338,0.0
14342,0.0
14351,0.0
14358,0.0
14359,0.0
14367,0.0
14373,0.0
14377,0.0
14385,0.0
14391,0.0
14393,0.0
14394,0.0
14412,0.0
14414,0.0
14415,0.0
14425,0.0
14428,0.0
14430,0.0
14431,0.0
14443,0.0
14444,0.0
14448,0.0
14461,0.0
14471,0.0
14482,0.0
14487,0.0
14496,0.0
14498,0.0
14500,0.0
14505,0.0
14509,0.0
14511,0.0
14515,0.0
14516,0.0
14519,0.0
14522,0.0
14527,0.0
14532,0.0
14537,0.0
14540,0.96
14549,0.0
14552,0.0
14553,0.0
14557,0.0
14558,0.0
14562,0.0
14563,0.0
14566,0.0
14576,0.0
14577,0.0
14579,0.0
14587,0.0
14591,0.0
14592,0.0
14594,0.0
14597,0.0
14601,0.0
14604,0.0
14606,0.0
14608,0.0
14614,0.0
14622,0.0
14627,0.0
14632,0.0
14634,0.0
14635,0.0
14646,0.0
14654,0.0
14660,0.0
14671,0.0
14675,0.0
14678,0.02
14686,0.0
14695,0.0
14707,0.0
14710,0.0
14715,0.0
14720,0.0
14731,0.0
14741,0.0
14744,0.0
14756,0.0
14761,0.02
14763,0.0
14764,0.0
14767,0.0
14770,0.0
14783,0.0
14800,0.0
14804,0.0
14806,0.0
14815,0.0
14822,0.0
14826,0.0
14827,0.0
14831,0.0
14836,0.0
14837,0.0
14851,0.0
14860,0.0
14862,0.0
14868,0.0
14869,0.0
14874,0.0
14877,0.96
14886,0.0
14898,0.0
14901,0.0
14902,0.0
14905,0.0
14906,0.0
14911,0.0
14915,0.0
14918,0.0
14923,0.0
14925,0.0
14959,0.0
14960,0.0
14961,0.0
14973,0.0
14978,0.96
14982,0.0
14989,0.0
14998,0.0
15000,0.0
15004,0.0
15005,0.02
15012,0.0
15013,0.0
15021,0.02
15026,0.0
15027,0.0
15040,0.0
15048,0.0
15049,0.0
15050,0.0
15060,0.0
15066,0.0
15076,0.0
15090,0.0
15092,0.0
15097,0.0
15103,0.0
15108,0.0
15111,0.0
15115,0.0
15128,0.0
15138,0.0
15140,0.0
15141,0.0
15143,0.0
15151,0.0
15159,0.0
15163,0.0
15164,0.0
15165,0.96
15166,0.0
15167,0.0
15174,0.0
15179,0.0
15183,0.0
15187,0.0
15190,0.0
15194,0.0
15195,0.0
15209,0.96
15215,0.0
15218,0.0
15220,0.0
15222,0.41
15224,0.0
15225,0.0
15235,0.0
15246,0.0
15249,0.0
15251,0.0
15252,0.0
15254,0.96
15255,0.0
15266,0.41
15269,0.0
15272,0.0
15275,0.0
15277,0.0
15279,0.0
15281,0.0
15282,0.96
15285,0.0
15309,0.0
15312,0.96
15316,0.0
15322,0.0
15327,0.0
15328,0.0
15332,0.0
15335,0.0
15336,0.96
15342,0.0
15359,0.0
15375,0.0
15380,0.0
15389,0.0
15391,0.0
15393,0.0
15395,0.96
15403,0.0
15404,0.0
15405,0.0
15407,0.0
15417,0.0
15420,0.96
15422,0.0
15423,0.0
15430,0.0
15434,0.0
15446,0.0
15448,0.0
15453,0.0
15456,0.0
15458,0.0
15460,0.0
15461,0.0
15470,0.0
15477,0.0
15479,0.0
15485,0.0
15487,0.0
15494,0.0
15496,0.0
15498,0.0
15502,0.0
15503,0.0
15516,0.0
15529,0.0
15530,0.0
15532,0.0
15534,0.0
15543,0.0
15548,0.0
15553,0.0
15560,0.0
15561,0.0
15564,0.0
15585,0.0
15594,0.0
15599,0.0
15602,0.0
15603,0.0
15607,0.0
15610,0.0
15616,0.0
15622,0.0
15633,0.0
15635,0.0
15638,0.0
15640,0.0
15642,0.0
15659,0.02
15666,0.0
15674,0.0
15677,0.0
15680,0.0
15690,0.0
15692,0.0
15705,0.0
15707,0.96
15713,0.0
15722,0.0
15723,0.0
15727,0.0
15728,0.0
15745,0.0
15779,0.0
15783,0.0
15784,0.0
15785,0.0
15793,0.0
15794,0.0
15796,0.0
15798,0.0
15799,0.0
15800,0.0
15803,0.0
15804,0.0
15809,0.0
15810,0.0
15814,0.0
15815,0.0
15820,0.0
15821,0.0
15822,0.0
15825,0.0
15827,0.96
15835,0.0
15840,0.0
15846,0.0
15848,0.0
15851,0.0
15852,0.0
15857,0.0
15860,0.0
15861,0.0
15863,0.96
15874,0.0
15880,0.0
15883,0.02
15897,0.0
15901,0.41
15909,0.96
15911,0.0
15919,0.0
15920,0.0
15921,0.0
15931,0.0
15932,0.96
15933,0.0
15934,0.0
15936,0.96
15946,0.0
15947,0.96
15952,0.0
15954,0.0
15958,0.0
15969,0.0
15975,0.0
15980,0.0
15982,0.0
15983,0.0
15984,0.96
15987,0.0
15989,0.0
15999,0.0
16015,0.0
16019,0.0
16024,0.0
16031,0.0
16036,0.0
16037,0.0
16047,0.0
16050,0.0
16064,0.0
16072,0.0
16075,0.0
16077,0.0
16083,0.0
16087,0.0
16095,0.0
16096,0.0
16108,0.0
16119,0.0
16120,0.0
16122,0.0
16126,0.0
16131,0.0
16134,0.0
16144,0.0
16149,0.96
16153,0.0
16157,0.0
16174,0.0
16177,0.0
16194,0.0
16196,0.0
16207,0.0
16208,0.0
16223,0.96
16225,0.0
16230,0.0
16231,0.0
16243,0.41
16245,0.0
16247,0.0
16264,0.0
16272,0.96
16277,0.0
16278,0.0
16282,0.41
16286,0.0
16292,0.0
16298,0.0
16301,0.0
16314,0.0
16327,0.0
16331,0.0
16332,0.0
16336,0.0
16342,0.0
16351,0.0
16352,0.0
16354,0.0
16356,0.0
16361,0.0
16364,0.0
16365,0.0
16378,0.0
16387,0.0
16401,0.0
16413,0.0
16414,0.0
16418,0.0
16421,0.0
16422,0.0
16424,0.0
16425,0.0
16432,0.0
16439,0.0
16442,0.0
16445,0.0
16453,0.0
16456,0.0
16459,0.0
16460,0.0
16465,0.0
16466,0.0
16468,0.0
16472,0.0
16476,0.96
16477,0.0
16488,0.0
16495,0.0
16500,0.0
16501,0.0
16506,0.0
16527,0.0
16532,0.0
16546,0.0
16548,0.0
16553,0.0
16555,0.96
16565,0.0
16573,0.0
16577,0.0
16589,0.0
16595,0.0
16616,0.0
16620,0.0
16622,0.0
16632,0.0
16637,0.0
16638,0.0
16639,0.0
16681,0.0
16683,0.0
16685,0.0
16686,0.02
16688,0.0
16694,0.0
16699,0.0
16700,0.0
16705,0.0
16709,0.0
16721,0.0
16722,0.0
16726,0.0
16727,0.0
16730,0.0
16734,0.0
16742,0.0
16744,0.0
16749,0.0
16763,0.0
16771,0.0
16772,0.0
16774,0.0
16777,0.0
16786,0.0
16795,0.0
16796,0.0
16797,0.96
16799,0.0
16806,0.0
16810,0.0
16814,0.0
16816,0.96
16828,0.0
16836,0.0
16838,0.0
16839,0.0
16840,0.0
16841,0.0
16844,0.0
16853,0.0
16858,0.02
16861,0.0
16866,0.0
16870,0.0
16873,0.0
16874,0.0
16887,0.0
16891,0.0
16892,0.0
16898,0.0
16902,0.0
16903,0.0
16909,0.0
16921,0.0
16930,0.0
16931,0.0
16936,0.0
16937,0.0
16942,0.0
16944,0.0
16952,0.41
16954,0.0
16956,0.0
16971,0.0
16979,0.0
16980,0.0
16981,0.0
16986,0.96
16995,0.0
16999,0.0
17000,0.0
17007,0.0
17009,0.0
17012,0.0
17014,0.0
17027,0.0
17030,0.0
17034,0.0
17060,0.0
17062,0.0
17064,0.0
17069,0.0
17071,0.0
17073,0.0
17077,0.0
17080,0.96
17082,0.0
17083,0.0
17085,0.0
17091,0.0
17095,0.0
17098,0.0
17100,0.0
17107,0.0
17118,0.0
17123,0.0
17130,0.0
17149,0.0
17153,0.0
17163,0.0
17164,0.96
17185,0.0
17194,0.96
17197,0.0
17208,0.0
17214,0.0
17217,0.0
17222,0.0
17225,0.0
17228,0.0
17235,0.0
17236,0.0
17242,0.0
17255,0.0
17256,0.0
17258,0.0
17259,0.0
17261,0.0
17267,0.0
17275,0.0
17276,0.0
17279,0.0
17283,0.0
17294,0.0
17302,0.0
17309,0.0
17319,0.0
17340,0.0
17343,0.96
17354,0.0
17355,0.0
17371,0.0
17373,0.0
17382,0.0
17388,0.0
17391,0.0
17406,0.0
17410,0.0
17414,0.0
17418,0.0
17421,0.0
17426,0.0
17427,0.0
17428,0.02
17430,0.0
17436,0.0
17439,0.0
17440,0.0
17461,0.0
17462,0.0
17463,0.0
17464,0.0
17467,0.96
17471,0.41
17473,0.0
17481,0.0
17492,0.0
17498,0.0
17512,0.0
17516,0.02
17524,0.0
17526,0.0
17530,0.0
17534,0.0
17535,0.0
17542,0.0
17548,0.0
17549,0.0
17553,0.0
17558,0.0
17560,0.0
17562,0.0
17563,0.0
17568,0.0
17592,0.0
17597,0.0
17598,0.0
17599,0.0
17602,0.0
17607,0.0
17613,0.0
17618,0.0
17619,0.0
17621,0.0
17622,0.0
17628,0.0
17629,0.0
17638,0.0
17640,0.0
17641,0.0
17643,0.0
17647,0.0
17650,0.0
17658,0.0
17666,0.0
17671,0.0
17677,0.0
17683,0.0
17684,0.0
17685,0.0
17691,0.0
17703,0.0
17704,0.41
17720,0.0
17727,0.0
17731,0.0
17732,0.0
17734,0.0
17738,0.0
17742,0.0
17744,0.0
17755,0.0
17757,0.0
17758,0.0
17760,0.0
17761,0.0
17767,0.0
17769,0.0
17775,0.0
17787,0.0
17796,0.0
17800,0.0
17801,0.0
17804,0.41
17805,0.0
17809,0.0
17811,0.0
17817,0.0
17820,0.0
17824,0.0
17826,0.0
17829,0.0
17831,0.0
17835,0.0
17838,0.0
17839,0.0
17845,0.0
17852,0.0
17857,0.0
17859,0.96
17865,0.0
17869,0.96
17881,0.0
17883,0.0
17884,0.0
17886,0.0
17896,0.0
17898,0.0
17899,0.0
17902,0.0
17912,0.0
17914,0.96
17917,0.0
17938,0.0
17940,0.0
17942,0.0
17961,0.0
17964,0.0
17967,0.0
17972,0.0
17973,0.0
17975,0.0
17976,0.0
17981,0.0
17982,0.96
17985,0.0
17987,0.0
17988,0.0
18010,0.0
18028,0.0
18032,0.0
18035,0.0
18036,0.0
18041,0.0
18042,0.0
18051,0.0
18052,0.96
18054,0.0
18059,0.0
18070,0.0
18074,0.0
18075,0.0
18082,0.0
18085,0.0
18091,0.0
18092,0.0
18093,0.0
18113,0.0
18115,0.0
18122,0.0
18132,0.0
18138,0.0
18142,0.0
18149,0.0
18150,0.0
18155,0.0
18157,0.0
18161,0.0
18163,0.96
18166,0.0
18189,0.0
18196,0.0
18198,0.0
18199,0.0
18203,0.02
18206,0.0
18214,0.0
18220,0.0
18231,0.0
18239,0.0
18242,0.0
18243,0.0
18249,0.0
18253,0.0
18254,0.0
18256,0.0
18268,0.0
18271,0.0
18273,0.0
18274,0.0
18280,0.0
18284,0.0
18285,0.0
18298,0.0
18301,0.0
18306,0.0
18316,0.0
18321,0.0
18322,0.0
18324,0.0
18327,0.0
18331,0.0
18332,0.0
18333,0.0
18342,0.0
18346,0.0
18348,0.0
18358,0.96
18361,0.0
18362,0.0
18367,0.0
18369,0.0
18370,0.0
18375,0.0
18381,0.0
18384,0.0
18386,0.0
18387,0.0
18388,0.0
18392,0.0
18393,0.0
18394,0.0
18405,0.0
18411,0.0
18412,0.0
18413,0.0
18414,0.0
18421,0.0
18426,0.0
18431,0.0
18432,0.0
18434,0.0
18439,0.0
18445,0.0
18454,0.0
18455,0.0
18467,0.0
18470,0.0
18473,0.0
18483,0.0
18486,0.0
18492,0.0
18493,0.0
18496,0.0
18498,0.0
18500,0.0
18501,0.0
18504,0.0
18508,0.0
18520,0.96
18523,0.0
18533,0.0
18541,0.0
18546,0.0
18548,0.0
18551,0.0
18553,0.0
18559,0.0
18560,0.96
18565,0.0
18567,0.0
18575,0.0
18578,0.0
18583,0.0
18590,0.0
18599,0.0
18602,0.96
18603,0.0
18607,0.0
18609,0.96
18610,0.0
18623,0.0
18624,0.0
18628,0.0
18641,0.0
18669,0.0
18684,0.0
18688,0.0
18691,0.0
18695,0.0
18701,0.0
18707,0.0
18708,0.02
18718,0.0
18721,0.0
18724,0.0
18726,0.0
18727,0.0
18730,0.96
18732,0.0
18739,0.0
18753,0.0
18759,0.0
18763,0.0
18766,0.0
18769,0.0
18770,0.0
18788,0.0
18789,0.0
18790,0.0
18792,0.0
18793,0.0
18800,0.0
18809,0.0
18820,0.0
18822,0.0
18826,0.0
18828,0.0
18833,0.41
18834,0.0
18835,0.0
18840,0.0
18841,0.0
18846,0.0
18849,0.0
18850,0.0
18854,0.0
18861,0.0
18862,0.0
18867,0.0
18879,0.0
18888,0.0
18894,0.0
18897,0.0
18901,0.0
18903,0.0
18915,0.0
18929,0.0
18940,0.0
18941,0.0
18951,0.0
18961,0.0
18970,0.0
18975,0.0
18977,0.0
18979,0.0
18989,0.0
19001,0.0
19002,0.0
19017,0.0
19020,0.02
19023,0.0
19024,0.0
19039,0.0
19048,0.0
19052,0.0
19054,0.96
19065,0.0
19072,0.0
19076,0.0
19081,0.0
19089,0.0
19091,0.0
19093,0.0
19094,0.0
19096,0.0
19100,0.0
19102,0.0
19103,0.96
19106,0.0
19108,0.0
19110,0.0
19112,0.0
19113,0.0
19130,0.0
19146,0.0
19150,0.0
19157,0.0
19160,0.0
19171,0.96
19173,0.0
19187,0.96
19190,0.0
19193,0.0
19198,0.0
19199,0.0
19205,0.0
19214,0.0
19215,0.0
19216,0.0
19221,0.0
19226,0.0
19239,0.0
19240,0.0
19258,0.0
19259,0.0
19263,0.0
19269,0.0
19275,0.0
19281,0.0
19284,0.0
19287,0.0
19292,0.0
19301,0.0
19302,0.0
19307,0.0
19310,0.0
19318,0.41
19321,0.0
19335,0.0
19340,0.0
19346,0.0
19353,0.0
19360,0.0
19361,0.0
19362,0.0
19381,0.0
19395,0.0
19400,0.0
19401,0.0
19404,0.0
19411,0.0
19436,0.0
19444,0.0
19453,0.0
19458,0.0
19469,0.0
19471,0.0
19486,0.0
19487,0.02
19494,0.0
19510,0.0
19516,0.0
19530,0.0
19533,0.0
19538,0.0
19539,0.0
19548,0.0
19552,0.0
19557,0.0
19559,0.0
19563,0.0
19568,0.0
19578,0.0
19580,0.0
19582,0.0
19598,0.0
19600,0.0
19603,0.96
19605,0.0
19616,0.0
19627,0.0
19629,0.0
19630,0.0
19631,0.0
19637,0.41
19640,0.0
19642,0.41
19645,0.0
19648,0.0
19655,0.0
19661,0.0
19669,0.0
19682,0.0
19684,0.0
19686,0.0
19689,0.0
19696,0.0
19697,0.0
19698,0.0
19706,0.0
19712,0.0
19721,0.0
19726,0.0
19728,0.0
19729,0.0
19730,0.96
19732,0.41
19735,0.0
19741,0.0
19750,0.0
19752,0.0
19759,0.96
19764,0.0
19768,0.0
19770,0.0
19772,0.0
19775,0.0
19778,0.0
19783,0.0
19785,0.0
19788,0.0
19791,0.0
19794,0.96
19796,0.96
19800,0.0
19815,0.0
19819,0.0
19821,0.0
19822,0.0
19823,0.0
19824,0.0
19833,0.0
19834,0.0
19838,0.0
19840,0.0
19841,0.0
19842,0.0
19844,0.0
19861,0.0
19870,0.0
19871,0.0
19872,0.0
19875,0.0
19876,0.0
19878,0.0
19882,0.0
19885,0.96
19889,0.0
19893,0.0
19900,0.0
19917,0.0
19918,0.0
19920,0.0
19921,0.0
19923,0.0
19924,0.0
19932,0.0
19939,0.0
19947,0.0
19948,0.0
19952,0.0
19953,0.0
19957,0.0
19964,0.0
19971,0.0
19976,0.02
19977,0.0
19980,0.0
19981,0.0
19983,0.0
19988,0.0
20009,0.0
20019,0.0
20020,0.0
20021,0.0
20023,0.0
20025,0.0
20041,0.0
20051,0.0
20055,0.0
20061,0.0
20065,0.0
20066,0.96
20070,0.0
20072,0.0
20080,0.0
20083,0.0
20086,0.0
20094,0.0
20099,0.0
20109,0.0
20110,0.0
20114,0.0
20119,0.0
20121,0.0
20127,0.0
20137,0.0
20143,0.0
20145,0.0
20154,0.0
20159,0.0
20160,0.0
20172,0.0
20173,0.0
20178,0.96
20189,0.0
20193,0.96
20197,0.0
20199,0.0
20203,0.0
20208,0.0
20212,0.0
20215,0.0
20221,0.0
20224,0.0
20228,0.0
20232,0.0
20242,0.0
20254,0.0
20258,0.0
20260,0.0
20261,0.0
20262,0.0
20263,0.0
20267,0.0
20269,0.0
20271,0.0
20273,0.0
20274,0.0
20282,0.0
20284,0.0
20289,0.0
20292,0.0
20295,0.0
20299,0.0
20301,0.0
20312,0.0
20320,0.0
20325,0.96
20326,0.0
20333,0.0
20334,0.0
20335,0.0
20339,0.0
20346,0.0
20348,0.0
20354,0.0
20370,0.0
20378,0.0
20380,0.0
20391,0.0
20395,0.0
20396,0.0
20397,0.0
20398,0.0
20403,0.0
20405,0.0
20407,0.0
20411,0.0
20416,0.0
20417,0.0
20418,0.96
20422,0.0
20426,0.0
20431,0.02
20434,0.0
20442,0.0
20445,0.0
20446,0.0
20452,0.0
20454,0.0
20462,0.96
20467,0.0
20470,0.0
20472,0.0
20473,0.0
20477,0.0
20478,0.0
20479,0.0
20489,0.0
20491,0.0
20493,0.0
20497,0.0
20498,0.96
20504,0.0
20516,0.0
20519,0.0
20524,0.0
20529,0.0
20534,0.0
20538,0.0
20544,0.0
20549,0.0
20550,0.0
20560,0.0
20569,0.0
20597,0.0
20603,0.0
20607,0.0
20609,0.0
20615,0.0
20616,0.0
20622,0.0
20623,0.0
20625,0.0
20628,0.0
20629,0.0
20635,0.0
20636,0.0
20640,0.0
20644,0.0
20645,0.0
20651,0.0
20666,0.0
20677,0.0
20698,0.0
20703,0.0
20709,0.0
20727,0.0
20734,0.02
20740,0.0
20741,0.0
20742,0.0
20744,0.0
20756,0.0
20761,0.0
20762,0.0
20766,0.0
20768,0.0
20770,0.96
20776,0.0
20777,0.0
20779,0.0
20784,0.0
20793,0.0
20795,0.0
20799,0.0
20802,0.0
20814,0.0
20832,0.0
20836,0.0
20837,0.0
20838,0.0
20842,0.0
20849,0.0
20850,0.0
20856,0.0
20858,0.0
20861,0.0
20871,0.0
20872,0.0
20886,0.0
20889,0.0
20890,0.0
20894,0.0
20898,0.0
20903,0.0
20911,0.0
20918,0.0
20927,0.0
20930,0.0
20941,0.96
20942,0.0
20955,0.0
20957,0.96
20975,0.0
20976,0.0
20988,0.0
20989,0.0
20996,0.0
20999,0.0
21001,0.0
21012,0.0
21014,0.0
21019,0.0
21022,0.0
21028,0.0
21032,0.0
21038,0.0
21039,0.96
21041,0.96
21045,0.0
21046,0.0
21051,0.0
21052,0.0
21053,0.0
21055,0.41
21069,0.0
21072,0.0
21076,0.0
21097,0.0
21098,0.0
21103,0.02
21112,0.0
21129,0.0
21132,0.0
21143,0.0
21146,0.0
21147,0.02
21151,0.0
21153,0.0
21159,0.0
21163,0.0
21166,0.0
21171,0.96
21178,0.0
21184,0.0
21185,0.0
21186,0.02
21187,0.0
21194,0.41
21205,0.0
21209,0.0
21210,0.0
21211,0.0
21216,0.0
21220,0.0
21221,0.0
21232,0.0
21233,0.0
21236,0.02
21245,0.0
21247,0.96
21250,0.96
21256,0.0
21257,0.0
21263,0.0
21265,0.0
21272,0.0
21275,0.0
21277,0.0
21290,0.0
21300,0.0
21302,0.0
21314,0.0
21344,0.0
21346,0.0
21350,0.0
21353,0.96
21355,0.0
21361,0.0
21364,0.0
21366,0.0
21367,0.0
21370,0.0
21378,0.0
21379,0.0
21380,0.0
21383,0.0
21384,0.0
21396,0.96
21398,0.0
21408,0.0
21409,0.0
21423,0.0
21425,0.96
21428,0.0
21432,0.0
21436,0.0
21437,0.0
21444,0.96
21448,0.0
21450,0.0
21461,0.0
21464,0.0
21466,0.96
21467,0.0
21484,0.0
21489,0.0
21494,0.0
21495,0.0
21496,0.0
21497,0.0
21501,0.0
21512,0.96
21513,0.0
21515,0.0
21528,0.0
21529,0.96
21534,0.0
21538,0.0
21544,0.0
21553,0.0
21572,0.0
21579,0.0
21582,0.0
21590,0.0
21595,0.0
21598,0.0
21604,0.0
21607,0.0
21608,0.0
21610,0.0
21611,0.0
21612,0.0
21615,0.0
21623,0.0
21624,0.0
21630,0.0
21633,0.0
21635,0.0
21638,0.0
21642,0.0
21644,0.0
21646,0.0
21649,0.0
21654,0.41
21656,0.0
21659,0.96
21662,0.0
21670,0.0
21672,0.0
21674,0.0
21678,0.0
21685,0.96
21697,0.0
21699,0.0
21714,0.0
21715,0.0
21717,0.0
21718,0.0
21720,0.0
21723,0.0
21736,0.41
21746,0.0
21748,0.0
21754,0.0
21755,0.0
21757,0.0
21758,0.0
21759,0.0
21765,0.0
21768,0.0
21777,0.0
21778,0.0
21787,0.0
21801,0.96
21804,0.96
21805,0.0
21806,0.0
21814,0.0
21821,0.96
21836,0.0
21839,0.0
21849,0.0
21851,0.0
21852,0.0
21858,0.0
21859,0.0
21861,0.0
21864,0.0
21866,0.0
21878,0.0
21880,0.0
21883,0.0
21890,0.96
21892,0.0
21895,0.0
21901,0.0
21905,0.0
21906,0.0
21909,0.0
21911,0.0
21912,0.0
21918,0.0
21919,0.0
21924,0.0
21927,0.0
21928,0.96
21932,0.0
21941,0.0
21944,0.0
21945,0.0
21948,0.0
21953,0.0
21965,0.0
21966,0.0
21983,0.0
21987,0.0
21992,0.0
22000,0.0
22001,0.0
22007,0.0
22008,0.0
22019,0.0
22020,0.0
22026,0.0
22030,0.0
22032,0.0
22036,0.0
22039,0.0
22048,0.0
22050,0.0
22051,0.0
22056,0.0
22057,0.0
22075,0.0
22082,0.0
22084,0.0
22095,0.0
22096,0.0
22102,0.0
22111,0.0
22113,0.0
22125,0.0
22132,0.0
22133,0.0
22139,0.0
22141,0.0
22142,0.0
22144,0.0
22151,0.0
22168,0.0
22169,0.0
22170,0.0
22172,0.0
22174,0.0
22177,0.0
22178,0.0
22189,0.0
22201,0.0
22204,0.0
22209,0.0
22210,0.0
22215,0.0
22217,0.0
22228,0.0
22230,0.0
22239,0.0
22246,0.0
22252,0.0
22253,0.0
22255,0.0
22265,0.0
22268,0.0
22272,0.0
22273,0.0
22274,0.0
22287,0.96
22290,0.96
22294,0.0
22296,0.0
22297,0.0
22304,0.0
22309,0.0
22320,0.0
22323,0.0
22334,0.0
22336,0.0
22340,0.0
22354,0.0
22358,0.96
22361,0.0
22365,0.0
22367,0.0
22368,0.0
22378,0.0
22380,0.0
22383,0.0
22404,0.0
22406,0.96
22409,0.0
22410,0.0
22413,0.0
22414,0.0
22421,0.0
22425,0.0
22436,0.0
22438,0.0
22440,0.0
22446,0.0
22448,0.0
22449,0.0
22452,0.96
22454,0.0
22455,0.0
22458,0.0
22481,0.0
22485,0.0
22487,0.0
22493,0.0
22496,0.0
22500,0.0
22508,0.0
22517,0.0
22529,0.0
22532,0.0
22534,0.0
22540,0.0
22548,0.96
22553,0.0
22554,0.0
22558,0.0
22561,0.0
22564,0.0
22567,0.0
22599,0.0
22600,0.0
22605,0.0
22607,0.0
22612,0.0
22616,0.0
22618,0.0
22625,0.0
22649,0.0
22650,0.0
22663,0.0
22665,0.0
22674,0.0
22677,0.0
22680,0.0
22698,0.02
22704,0.0
22709,0.96
22711,0.0
22715,0.0
22717,0.0
22728,0.0
22735,0.0
22741,0.0
22746,0.0
22747,0.0
22753,0.0
22755,0.0
22757,0.96
22758,0.0
22760,0.0
22763,0.0
22770,0.0
22772,0.0
22774,0.0
22779,0.0
22781,0.0
22782,0.0
22785,0.0
22787,0.0
22789,0.0
22792,0.0
22793,0.0
22808,0.0
22816,0.0
22821,0.0
22825,0.0
22832,0.0
22835,0.0
22839,0.0
22855,0.0
22860,0.0
22867,0.0
22875,0.96
22877,0.0
22879,0.0
22888,0.0
22889,0.0
22890,0.0
22907,0.0
22915,0.0
22935,0.0
22950,0.0
22953,0.0
22959,0.0
22961,0.0
22963,0.0
22978,0.0
22980,0.0
22982,0.0
23003,0.0
23008,0.0
23013,0.0
23022,0.0
23026,0.0
23032,0.0
23033,0.02
23040,0.0
23041,0.0
23048,0.0
23050,0.0
23052,0.0
23084,0.96
23092,0.41
23094,0.0
23099,0.0
23102,0.0
23107,0.0
23109,0.0
23110,0.0
23114,0.0
23118,0.0
23125,0.0
23128,0.0
23135,0.0
23140,0.0
23143,0.0
23146,0.0
23154,0.0
23162,0.0
23181,0.0
23183,0.0
23199,0.0
23204,0.0
23205,0.0
23208,0.0
23209,0.0
23213,0.0
23214,0.0
23228,0.0
23236,0.0
23242,0.0
23245,0.0
23247,0.0
23253,0.0
23268,0.0
23273,0.0
23275,0.96
23282,0.0
23284,0.0
23285,0.0
23297,0.0
23299,0.0
23303,0.0
23306,0.0
23333,0.0
23334,0.0
23346,0.0
23347,0.0
23360,0.0
23363,0.0
23368,0.0
23371,0.0
23374,0.0
23378,0.02
23389,0.0
23397,0.96
23401,0.0
23404,0.0
23410,0.0
23413,0.0
23417,0.0
23424,0.41
23427,0.0
23429,0.0
23437,0.0
23441,0.0
23443,0.0
23446,0.0
23448,0.0
23450,0.0
23452,0.0
23453,0.0
23456,0.0
23462,0.0
23464,0.0
23466,0.0
23468,0.0
23475,0.0
23476,0.0
23483,0.0
23486,0.0
23489,0.0
23490,0.0
23495,0.0
23498,0.0
23502,0.0
23505,0.0
23533,0.0
23544,0.41
23550,0.0
23552,0.0
23554,0.0
23555,0.0
23567,0.0
23568,0.96
23572,0.0
23578,0.0
23579,0.0
23581,0.0
23583,0.0
23589,0.0
23595,0.0
23600,0.0
23604,0.0
23611,0.96
23613,0.0
23616,0.0
23619,0.96
23622,0.0
23625,0.96
23631,0.0
23632,0.0
23636,0.0
23637,0.0
23646,0.0
23647,0.0
23648,0.0
23649,0.0
23658,0.0
23659,0.0
23662,0.0
23663,0.0
23664,0.96
23666,0.96
23670,0.0
23671,0.0
23674,0.0
23678,0.0
23683,0.0
23684,0.0
23698,0.0
23702,0.0
23704,0.0
23715,0.0
23716,0.0
23721,0.0
23730,0.0
23733,0.0
23754,0.0
23757,0.0
23758,0.96
23759,0.0
23773,0.0
23778,0.0
23780,0.0
23784,0.0
23789,0.0
23793,0.41
23794,0.0
23802,0.0
23809,0.0
23813,0.0
23815,0.0
23820,0.96
23821,0.0
23823,0.96
23832,0.0
23833,0.0
23837,0.0
23838,0.0
23841,0.41
23843,0.0
23847,0.0
23848,0.0
23861,0.0
23867,0.0
23869,0.0
23872,0.0
23882,0.0
23887,0.96
23920,0.41
23927,0.0
23932,0.0
23946,0.0
23953,0.0
23964,0.0
23975,0.0
23978,0.0
23983,0.0
23989,0.0
23990,0.0
23992,0.0
23999,0.0
24004,0.0
24012,0.0
24017,0.0
24019,0.0
24024,0.0
24027,0.0
24037,0.0
24041,0.0
24043,0.0
24044,0.0
24049,0.0
24050,0.0
24059,0.0
24061,0.0
24068,0.0
24071,0.0
24086,0.0
24109,0.0
24118,0.0
24120,0.0
24132,0.0
24139,0.0
24146,0.0
24150,0.0
24160,0.0
24163,0.0
24164,0.0
24169,0.41
24176,0.0
24177,0.0
24179,0.0
24188,0.0
24190,0.0
24193,0.96
24200,0.0
24205,0.0
24211,0.96
24215,0.0
24216,0.0
24218,0.0
24221,0.0
24224,0.0
24226,0.0
24237,0.0
24246,0.96
24251,0.0
24252,0.0
24258,0.0
24261,0.96
24263,0.0
24275,0.0
24276,0.0
24280,0.0
24289,0.0
24292,0.0
24297,0.0
24300,0.0
24301,0.0
24306,0.0
24316,0.0
24317,0.0
24321,0.0
24326,0.0
24334,0.0
24343,0.0
24344,0.0
24345,0.0
24347,0.0
24349,0.0
24360,0.0
24361,0.0
24363,0.0
24370,0.0
24373,0.0
24374,0.0
24376,0.0
24379,0.0
24392,0.0
24397,0.0
24400,0.0
24406,0.0
24413,0.41
24417,0.0
24418,0.0
24421,0.0
24432,0.0
24437,0.96
24440,0.96
24442,0.0
24445,0.96
24456,0.0
24457,0.0
24463,0.0
24465,0.0
24468,0.0
24469,0.0
24475,0.0
24485,0.0
24491,0.0
24498,0.0
24499,0.96
24502,0.0
24505,0.0
24507,0.0
24513,0.0
24516,0.0
24525,0.0
24530,0.0
24532,0.0
24544,0.0
24546,0.0
24547,0.0
24549,0.0
24554,0.0
24558,0.0
24560,0.0
24562,0.0
24563,0.0
24585,0.96
24598,0.0
24604,0.0
24607,0.0
24615,0.0
24622,0.0
24623,0.0
24627,0.0
24630,0.0
24632,0.0
24637,0.0
24649,0.0
24653,0.0
24658,0.96
24664,0.0
24665,0.0
24681,0.96
24683,0.02
24689,0.0
24691,0.0
24692,0.0
24698,0.0
24702,0.0
24708,0.02
24714,0.0
24717,0.0
24730,0.0
24742,0.0
24748,0.0
24753,0.0
24754,0.0
24760,0.0
24761,0.0
24775,0.0
24776,0.0
24779,0.0
24788,0.0
24795,0.0
24796,0.0
24804,0.0
24805,0.0
24806,0.02
24813,0.0
24818,0.0
24825,0.0
24828,0.0
24829,0.0
24834,0.0
24839,0.0
24851,0.0
24858,0.0
24860,0.0
24861,0.0
24864,0.0
24865,0.0
24873,0.0
24874,0.0
24879,0.0
24883,0.0
24896,0.0
24900,0.0
24906,0.0
24917,0.0
24922,0.0
24926,0.0
24927,0.96
24934,0.0
24941,0.0
24942,0.0
24946,0.0
24951,0.0
24961,0.0
24963,0.0
24964,0.0
24971,0.0
24973,0.96
24976,0.0
24981,0.0
24986,0.0
24989,0.0
24994,0.0
24996,0.41
24999,0.41
25001,0.0
25004,0.0
25015,0.0
25018,0.0
25019,0.0
25025,0.96
25030,0.96
25051,0.0
25054,0.0
25057,0.0
25060,0.0
25064,0.0
25066,0.0
25073,0.0
25077,0.0
25084,0.0
25087,0.0
25091,0.0
25096,0.0
25105,0.96
25106,0.0
25118,0.0
25120,0.0
25121,0.0
25138,0.0
25139,0.0
25140,0.0
25143,0.0
25163,0.0
25166,0.0
25168,0.0
25172,0.0
25180,0.0
25185,0.0
25188,0.0
25195,0.0
25215,0.0
25228,0.96
25233,0.0
25234,0.0
25241,0.0
25244,0.0
25255,0.0
25256,0.96
25268,0.0
25271,0.0
25275,0.0
25283,0.0
25289,0.41
25297,0.0
25307,0.0
25309,0.0
25311,0.0
25320,0.0
25323,0.0
25329,0.0
25334,0.0
25355,0.0
25359,0.0
25366,0.0
25370,0.0
25371,0.0
25373,0.0
25375,0.0
25379,0.0
25381,0.0
25382,0.0
25387,0.0
25389,0.0
25391,0.0
25394,0.96
25395,0.0
25396,0.0
25403,0.96
25406,0.0
25408,0.0
25415,0.96
25423,0.0
25434,0.41
25442,0.0
25448,0.0
25455,0.0
25456,0.0
25460,0.0
25462,0.0
25467,0.02
25473,0.41
25478,0.0
25485,0.0
25486,0.0
25488,0.0
25498,0.0
25501,0.0
25502,0.0
25507,0.0
25508,0.0
25513,0.0
25517,0.0
25518,0.0
25526,0.0
25539,0.0
25553,0.0
25564,0.0
25571,0.0
25578,0.0
25579,0.0
25581,0.0
25585,0.0
25597,0.0
25598,0.0
25609,0.0
25619,0.0
25624,0.0
25640,0.0
25644,0.0
25647,0.0
25651,0.0
25653,0.0
25657,0.0
25662,0.0
25665,0.0
25667,0.41
25668,0.0
25669,0.0
25673,0.0
25678,0.0
25681,0.0
25692,0.0
25694,0.0
25699,0.0
25700,0.0
25704,0.0
25706,0.0
25707,0.0
25708,0.0
25709,0.0
25717,0.0
25718,0.0
25723,0.0
25729,0.0
25732,0.0
25733,0.0
25734,0.0
25735,0.0
25740,0.0
25747,0.0
25751,0.0
25757,0.0
25763,0.0
25764,0.0
25771,0.0
25772,0.0
25787,0.0
25790,0.0
25791,0.0
25796,0.96
25799,0.0
25810,0.0
25813,0.0
25814,0.0
25815,0.0
25816,0.0
25817,0.0
25827,0.0
25833,0.0
25834,0.0
25846,0.0
25848,0.0
25850,0.0
25856,0.0
25867,0.0
25868,0.0
25872,0.0
25880,0.0
25884,0.0
25893,0.0
25904,0.0
25906,0.0
25915,0.0
25921,0.0
25922,0.0
25925,0.0
25928,0.0
25940,0.0
25949,0.0
25953,0.0
25958,0.0
25959,0.0
25962,0.0
25965,0.0
25972,0.0
25975,0.0
25978,0.0
25979,0.41
25986,0.0
25997,0.0
26003,0.0
26005,0.96
26009,0.0
26011,0.0
26013,0.0
26017,0.0
26022,0.0
26029,0.0
26030,0.0
26031,0.0
26036,0.0
26043,0.0
26045,0.0
26047,0.0
26048,0.0
26050,0.0
26058,0.0
26063,0.0
26068,0.0
26073,0.0
26076,0.0
26080,0.0
26093,0.0
26105,0.02
26107,0.0
26110,0.0
26111,0.0
26115,0.0
26116,0.0
26119,0.0
26123,0.0
26126,0.0
26129,0.0
26139,0.0
26140,0.0
26144,0.0
26155,0.0
26173,0.0
26181,0.0
26185,0.0
26190,0.0
26191,0.0
26197,0.0
26202,0.0
26219,0.0
26220,0.0
26232,0.0
26240,0.96
26244,0.0
26247,0.0
26261,0.0
26263,0.0
26273,0.0
26274,0.0
26277,0.0
26279,0.0
26281,0.0
26282,0.0
26285,0.0
26290,0.0
26296,0.0
26298,0.0
26317,0.0
26319,0.0
26323,0.96
26326,0.0
26330,0.0
26333,0.0
26354,0.0
26371,0.0
26379,0.0
26384,0.0
26389,0.0
26390,0.0
26399,0.0
26403,0.0
26406,0.0
26407,0.0
26412,0.02
26414,0.0
26426,0.0
26429,0.0
26434,0.0
26436,0.0
26442,0.0
26449,0.0
26452,0.0
26464,0.0
26472,0.0
26473,0.0
26477,0.0
26480,0.0
26481,0.0
26490,0.0
26499,0.0
26506,0.0
26509,0.0
26513,0.0
26515,0.0
26523,0.0
26524,0.0
26526,0.0
26527,0.0
26529,0.02
26531,0.0
26534,0.0
26536,0.0
26539,0.0
26542,0.0
26550,0.0
26557,0.0
26576,0.0
26577,0.0
26580,0.0
26588,0.0
26589,0.0
26595,0.0
26598,0.0
26611,0.96
26615,0.0
26618,0.0
26624,0.0
26625,0.0
26633,0.41
26643,0.0
26653,0.0
26656,0.0
26662,0.0
26667,0.0
26669,0.0
26677,0.02
26679,0.0
26683,0.0
26684,0.0
26687,0.0
26690,0.0
26692,0.0
26695,0.0
26696,0.0
26698,0.0
26699,0.0
26701,0.0
26706,0.0
26710,0.0
26713,0.0
26720,0.0
26721,0.0
26724,0.0
26729,0.0
26735,0.0
26736,0.0
26738,0.0
26743,0.0
26744,0.0
26745,0.0
26748,0.0
26758,0.0
26768,0.0
26770,0.0
26775,0.96
26780,0.96
26791,0.0
26799,0.0
26800,0.0
